"Data Source","World Development Indicators",

"Last Updated Date","2021-07-30",

"Country Name","Country Code","Indicator Name","Indicator Code","1960","1961","1962","1963","1964","1965","1966","1967","1968","1969","1970","1971","1972","1973","1974","1975","1976","1977","1978","1979","1980","1981","1982","1983","1984","1985","1986","1987","1988","1989","1990","1991","1992","1993","1994","1995","1996","1997","1998","1999","2000","2001","2002","2003","2004","2005","2006","2007","2008","2009","2010","2011","2012","2013","2014","2015","2016","2017","2018","2019","2020",
"Aruba","ABW","Proportion of women subjected to physical and/or sexual violence in the last 12 months (% of women age 15-49)","SG.VAW.1549.ZS","","","","","","","","","","","","","","","","","","","","","","","","","","","","","","","","","","","","","","","","","","","","","","","","","","","","","","","","","","","","","",
"Africa Eastern and Southern","AFE","Proportion of women subjected to physical and/or sexual violence in the last 12 months (% of women age 15-49)","SG.VAW.1549.ZS","","","","","","","","","","","","","","","","","","","","","","","","","","","","","","","","","","","","","","","","","","","","","","","","","","","","","","","","","","","","","",
"Afghanistan","AFG","Proportion of women subjected to physical and/or sexual violence in the last 12 months (% of women age 15-49)","SG.VAW.1549.ZS","","","","","","","","","","","","","","","","","","","","","","","","","","","","","","","","","","","","","","","","","","","","","","","","","","","","","","","","46.1","","","","","",
"Africa Western and Central","AFW","Proportion of women subjected to physical and/or sexual violence in the last 12 months (% of women age 15-49)","SG.VAW.1549.ZS","","","","","","","","","","","","","","","","","","","","","","","","","","","","","","","","","","","","","","","","","","","","","","","","","","","","","","","","","","","","","",
"Angola","AGO","Proportion of women subjected to physical and/or sexual violence in the last 12 months (% of women age 15-49)","SG.VAW.1549.ZS","","","","","","","","","","","","","","","","","","","","","","","","","","","","","","","","","","","","","","","","","","","","","","","","","","","","","","","","","25.9","","","","",
"Albania","ALB","Proportion of women subjected to physical and/or sexual violence in the last 12 months (% of women age 15-49)","SG.VAW.1549.ZS","","","","","","","","","","","","","","","","","","","","","","","","","","","","","","","","","","","","","","","","","","","","","","","","","","","","","","","","","","","","","",
"Andorra","AND","Proportion of women subjected to physical and/or sexual violence in the last 12 months (% of women age 15-49)","SG.VAW.1549.ZS","","","","","","","","","","","","","","","","","","","","","","","","","","","","","","","","","","","","","","","","","","","","","","","","","","","","","","","","","","","","","",
"Arab World","ARB","Proportion of women subjected to physical and/or sexual violence in the last 12 months (% of women age 15-49)","SG.VAW.1549.ZS","","","","","","","","","","","","","","","","","","","","","","","","","","","","","","","","","","","","","","","","","","","","","","","","","","","","","","","","","","","","","",
"United Arab Emirates","ARE","Proportion of women subjected to physical and/or sexual violence in the last 12 months (% of women age 15-49)","SG.VAW.1549.ZS","","","","","","","","","","","","","","","","","","","","","","","","","","","","","","","","","","","","","","","","","","","","","","","","","","","","","","","","","","","","","",
"Argentina","ARG","Proportion of women subjected to physical and/or sexual violence in the last 12 months (% of women age 15-49)","SG.VAW.1549.ZS","","","","","","","","","","","","","","","","","","","","","","","","","","","","","","","","","","","","","","","","","","","","","","","","","","","","","","","","","","","","","",
"Armenia","ARM","Proportion of women subjected to physical and/or sexual violence in the last 12 months (% of women age 15-49)","SG.VAW.1549.ZS","","","","","","","","","","","","","","","","","","","","","","","","","","","","","","","","","","","","","","","","","","","","","","","","","","","","","","","","","3.5","","","","",
"American Samoa","ASM","Proportion of women subjected to physical and/or sexual violence in the last 12 months (% of women age 15-49)","SG.VAW.1549.ZS","","","","","","","","","","","","","","","","","","","","","","","","","","","","","","","","","","","","","","","","","","","","","","","","","","","","","","","","","","","","","",
"Antigua and Barbuda","ATG","Proportion of women subjected to physical and/or sexual violence in the last 12 months (% of women age 15-49)","SG.VAW.1549.ZS","","","","","","","","","","","","","","","","","","","","","","","","","","","","","","","","","","","","","","","","","","","","","","","","","","","","","","","","","","","","","",
"Australia","AUS","Proportion of women subjected to physical and/or sexual violence in the last 12 months (% of women age 15-49)","SG.VAW.1549.ZS","","","","","","","","","","","","","","","","","","","","","","","","","","","","","","","","","","","","","","","","","","","","","","","","","","","","","","","","","","","","","",
"Austria","AUT","Proportion of women subjected to physical and/or sexual violence in the last 12 months (% of women age 15-49)","SG.VAW.1549.ZS","","","","","","","","","","","","","","","","","","","","","","","","","","","","","","","","","","","","","","","","","","","","","","","","","","","","","4","","","","","","","","",
"Azerbaijan","AZE","Proportion of women subjected to physical and/or sexual violence in the last 12 months (% of women age 15-49)","SG.VAW.1549.ZS","","","","","","","","","","","","","","","","","","","","","","","","","","","","","","","","","","","","","","","","","","","","","","","9.8","","","","","","","","","","","","","","",
"Burundi","BDI","Proportion of women subjected to physical and/or sexual violence in the last 12 months (% of women age 15-49)","SG.VAW.1549.ZS","","","","","","","","","","","","","","","","","","","","","","","","","","","","","","","","","","","","","","","","","","","","","","","","","","","","","","","","","","27.9","","","",
"Belgium","BEL","Proportion of women subjected to physical and/or sexual violence in the last 12 months (% of women age 15-49)","SG.VAW.1549.ZS","","","","","","","","","","","","","","","","","","","","","","","","","","","","","","","","","","","","","","","","","","","","","","","","","","","","","8","","","","","","","","",
"Benin","BEN","Proportion of women subjected to physical and/or sexual violence in the last 12 months (% of women age 15-49)","SG.VAW.1549.ZS","","","","","","","","","","","","","","","","","","","","","","","","","","","","","","","","","","","","","","","","","","","","","","","","","","","","","","","","","","","","","",
"Burkina Faso","BFA","Proportion of women subjected to physical and/or sexual violence in the last 12 months (% of women age 15-49)","SG.VAW.1549.ZS","","","","","","","","","","","","","","","","","","","","","","","","","","","","","","","","","","","","","","","","","","","","","","","","","","","9.3","","","","","","","","","","",
"Bangladesh","BGD","Proportion of women subjected to physical and/or sexual violence in the last 12 months (% of women age 15-49)","SG.VAW.1549.ZS","","","","","","","","","","","","","","","","","","","","","","","","","","","","","","","","","","","","","","","","","","","","","","","","","","","","","","","","28.8","","","","","",
"Bulgaria","BGR","Proportion of women subjected to physical and/or sexual violence in the last 12 months (% of women age 15-49)","SG.VAW.1549.ZS","","","","","","","","","","","","","","","","","","","","","","","","","","","","","","","","","","","","","","","","","","","","","","","","","","","","","9","","","","","","","","",
"Bahrain","BHR","Proportion of women subjected to physical and/or sexual violence in the last 12 months (% of women age 15-49)","SG.VAW.1549.ZS","","","","","","","","","","","","","","","","","","","","","","","","","","","","","","","","","","","","","","","","","","","","","","","","","","","","","","","","","","","","","",
"Bahamas, The","BHS","Proportion of women subjected to physical and/or sexual violence in the last 12 months (% of women age 15-49)","SG.VAW.1549.ZS","","","","","","","","","","","","","","","","","","","","","","","","","","","","","","","","","","","","","","","","","","","","","","","","","","","","","","","","","","","","","",
"Bosnia and Herzegovina","BIH","Proportion of women subjected to physical and/or sexual violence in the last 12 months (% of women age 15-49)","SG.VAW.1549.ZS","","","","","","","","","","","","","","","","","","","","","","","","","","","","","","","","","","","","","","","","","","","","","","","","","","","","","","","","","","","","","",
"Belarus","BLR","Proportion of women subjected to physical and/or sexual violence in the last 12 months (% of women age 15-49)","SG.VAW.1549.ZS","","","","","","","","","","","","","","","","","","","","","","","","","","","","","","","","","","","","","","","","","","","","","","","","","","","","","","","","","","","","","",
"Belize","BLZ","Proportion of women subjected to physical and/or sexual violence in the last 12 months (% of women age 15-49)","SG.VAW.1549.ZS","","","","","","","","","","","","","","","","","","","","","","","","","","","","","","","","","","","","","","","","","","","","","","","","","","","","","","","","","","","","","",
"Bermuda","BMU","Proportion of women subjected to physical and/or sexual violence in the last 12 months (% of women age 15-49)","SG.VAW.1549.ZS","","","","","","","","","","","","","","","","","","","","","","","","","","","","","","","","","","","","","","","","","","","","","","","","","","","","","","","","","","","","","",
"Bolivia","BOL","Proportion of women subjected to physical and/or sexual violence in the last 12 months (% of women age 15-49)","SG.VAW.1549.ZS","","","","","","","","","","","","","","","","","","","","","","","","","","","","","","","","","","","","","","","","","","","","","","","","","","","","","","","","","27.1","","","","",
"Brazil","BRA","Proportion of women subjected to physical and/or sexual violence in the last 12 months (% of women age 15-49)","SG.VAW.1549.ZS","","","","","","","","","","","","","","","","","","","","","","","","","","","","","","","","","","","","","","","","","","","","","","","","","","","","","","","","","","","","","",
"Barbados","BRB","Proportion of women subjected to physical and/or sexual violence in the last 12 months (% of women age 15-49)","SG.VAW.1549.ZS","","","","","","","","","","","","","","","","","","","","","","","","","","","","","","","","","","","","","","","","","","","","","","","","","","","","","","","","","","","","","",
"Brunei Darussalam","BRN","Proportion of women subjected to physical and/or sexual violence in the last 12 months (% of women age 15-49)","SG.VAW.1549.ZS","","","","","","","","","","","","","","","","","","","","","","","","","","","","","","","","","","","","","","","","","","","","","","","","","","","","","","","","","","","","","",
"Bhutan","BTN","Proportion of women subjected to physical and/or sexual violence in the last 12 months (% of women age 15-49)","SG.VAW.1549.ZS","","","","","","","","","","","","","","","","","","","","","","","","","","","","","","","","","","","","","","","","","","","","","","","","","","","","","","","","","","","","","",
"Botswana","BWA","Proportion of women subjected to physical and/or sexual violence in the last 12 months (% of women age 15-49)","SG.VAW.1549.ZS","","","","","","","","","","","","","","","","","","","","","","","","","","","","","","","","","","","","","","","","","","","","","","","","","","","","","","","","","","","","","",
"Central African Republic","CAF","Proportion of women subjected to physical and/or sexual violence in the last 12 months (% of women age 15-49)","SG.VAW.1549.ZS","","","","","","","","","","","","","","","","","","","","","","","","","","","","","","","","","","","","","","","","","","","","","","","26.3","","","","","","","","","","","","","","",
"Canada","CAN","Proportion of women subjected to physical and/or sexual violence in the last 12 months (% of women age 15-49)","SG.VAW.1549.ZS","","","","","","","","","","","","","","","","","","","","","","","","","","","","","","","","","","","","","","","","","","","","","","","","","","","","","","","","","","","","","",
"Central Europe and the Baltics","CEB","Proportion of women subjected to physical and/or sexual violence in the last 12 months (% of women age 15-49)","SG.VAW.1549.ZS","","","","","","","","","","","","","","","","","","","","","","","","","","","","","","","","","","","","","","","","","","","","","","","","","","","","","","","","","","","","","",
"Switzerland","CHE","Proportion of women subjected to physical and/or sexual violence in the last 12 months (% of women age 15-49)","SG.VAW.1549.ZS","","","","","","","","","","","","","","","","","","","","","","","","","","","","","","","","","","","","","","","","","","","","","","","","","","","","","","","","","","","","","",
"Channel Islands","CHI","Proportion of women subjected to physical and/or sexual violence in the last 12 months (% of women age 15-49)","SG.VAW.1549.ZS","","","","","","","","","","","","","","","","","","","","","","","","","","","","","","","","","","","","","","","","","","","","","","","","","","","","","","","","","","","","","",
"Chile","CHL","Proportion of women subjected to physical and/or sexual violence in the last 12 months (% of women age 15-49)","SG.VAW.1549.ZS","","","","","","","","","","","","","","","","","","","","","","","","","","","","","","","","","","","","","","","","","","","","","","","","","","","","","","","","","","","","","",
"China","CHN","Proportion of women subjected to physical and/or sexual violence in the last 12 months (% of women age 15-49)","SG.VAW.1549.ZS","","","","","","","","","","","","","","","","","","","","","","","","","","","","","","","","","","","","","","","","","","","","","","","","","","","","","","","","","","","","","",
"Cote d'Ivoire","CIV","Proportion of women subjected to physical and/or sexual violence in the last 12 months (% of women age 15-49)","SG.VAW.1549.ZS","","","","","","","","","","","","","","","","","","","","","","","","","","","","","","","","","","","","","","","","","","","","","","","","","","","","","22","","","","","","","","",
"Cameroon","CMR","Proportion of women subjected to physical and/or sexual violence in the last 12 months (% of women age 15-49)","SG.VAW.1549.ZS","","","","","","","","","","","","","","","","","","","","","","","","","","","","","","","","","","","","","","","","","","","","","","","","","","","","","","","32.7","","","","","","",
"Congo, Dem. Rep.","COD","Proportion of women subjected to physical and/or sexual violence in the last 12 months (% of women age 15-49)","SG.VAW.1549.ZS","","","","","","","","","","","","","","","","","","","","","","","","","","","","","","","","","","","","","","","","","","","","","","","","","","","","","","","36.8","","","","","","",
"Congo, Rep.","COG","Proportion of women subjected to physical and/or sexual violence in the last 12 months (% of women age 15-49)","SG.VAW.1549.ZS","","","","","","","","","","","","","","","","","","","","","","","","","","","","","","","","","","","","","","","","","","","","","","","","","","","","","","","","","","","","","",
"Colombia","COL","Proportion of women subjected to physical and/or sexual violence in the last 12 months (% of women age 15-49)","SG.VAW.1549.ZS","","","","","","","","","","","","","","","","","","","","","","","","","","","","","","","","","","","","","","","","","","","","","","","","","","","","","","","","18.4","","","","","",
"Comoros","COM","Proportion of women subjected to physical and/or sexual violence in the last 12 months (% of women age 15-49)","SG.VAW.1549.ZS","","","","","","","","","","","","","","","","","","","","","","","","","","","","","","","","","","","","","","","","","","","","","","","","","","","","","4.9","","","","","","","","",
"Cabo Verde","CPV","Proportion of women subjected to physical and/or sexual violence in the last 12 months (% of women age 15-49)","SG.VAW.1549.ZS","","","","","","","","","","","","","","","","","","","","","","","","","","","","","","","","","","","","","","","","","","","","","","7.8","","","","","","","","","","","","","","","",
"Costa Rica","CRI","Proportion of women subjected to physical and/or sexual violence in the last 12 months (% of women age 15-49)","SG.VAW.1549.ZS","","","","","","","","","","","","","","","","","","","","","","","","","","","","","","","","","","","","","","","","","","","","","","","","","","","","","","","","","","","","","",
"Caribbean small states","CSS","Proportion of women subjected to physical and/or sexual violence in the last 12 months (% of women age 15-49)","SG.VAW.1549.ZS","","","","","","","","","","","","","","","","","","","","","","","","","","","","","","","","","","","","","","","","","","","","","","","","","","","","","","","","","","","","","",
"Cuba","CUB","Proportion of women subjected to physical and/or sexual violence in the last 12 months (% of women age 15-49)","SG.VAW.1549.ZS","","","","","","","","","","","","","","","","","","","","","","","","","","","","","","","","","","","","","","","","","","","","","","","","","","","","","","","","","","","","","",
"Curacao","CUW","Proportion of women subjected to physical and/or sexual violence in the last 12 months (% of women age 15-49)","SG.VAW.1549.ZS","","","","","","","","","","","","","","","","","","","","","","","","","","","","","","","","","","","","","","","","","","","","","","","","","","","","","","","","","","","","","",
"Cayman Islands","CYM","Proportion of women subjected to physical and/or sexual violence in the last 12 months (% of women age 15-49)","SG.VAW.1549.ZS","","","","","","","","","","","","","","","","","","","","","","","","","","","","","","","","","","","","","","","","","","","","","","","","","","","","","","","","","","","","","",
"Cyprus","CYP","Proportion of women subjected to physical and/or sexual violence in the last 12 months (% of women age 15-49)","SG.VAW.1549.ZS","","","","","","","","","","","","","","","","","","","","","","","","","","","","","","","","","","","","","","","","","","","","","","","","","","","","","3","","","","","","","","",
"Czech Republic","CZE","Proportion of women subjected to physical and/or sexual violence in the last 12 months (% of women age 15-49)","SG.VAW.1549.ZS","","","","","","","","","","","","","","","","","","","","","","","","","","","","","","","","","","","","","","","","","","","","","","","","","","","","","6","","","","","","","","",
"Germany","DEU","Proportion of women subjected to physical and/or sexual violence in the last 12 months (% of women age 15-49)","SG.VAW.1549.ZS","","","","","","","","","","","","","","","","","","","","","","","","","","","","","","","","","","","","","","","","","","","","","","","","","","","","","5","","","","","","","","",
"Djibouti","DJI","Proportion of women subjected to physical and/or sexual violence in the last 12 months (% of women age 15-49)","SG.VAW.1549.ZS","","","","","","","","","","","","","","","","","","","","","","","","","","","","","","","","","","","","","","","","","","","","","","","","","","","","","","","","","","","","","",
"Dominica","DMA","Proportion of women subjected to physical and/or sexual violence in the last 12 months (% of women age 15-49)","SG.VAW.1549.ZS","","","","","","","","","","","","","","","","","","","","","","","","","","","","","","","","","","","","","","","","","","","","","","","","","","","","","","","","","","","","","",
"Denmark","DNK","Proportion of women subjected to physical and/or sexual violence in the last 12 months (% of women age 15-49)","SG.VAW.1549.ZS","","","","","","","","","","","","","","","","","","","","","","","","","","","","","","","","","","","","","","","","","","","","","","","","","","","","","7","","","","","","","","",
"Dominican Republic","DOM","Proportion of women subjected to physical and/or sexual violence in the last 12 months (% of women age 15-49)","SG.VAW.1549.ZS","","","","","","","","","","","","","","","","","","","","","","","","","","","","","","","","","","","","","","","","","","","","","","","","","","","","","","16","","","","","","","",
"Algeria","DZA","Proportion of women subjected to physical and/or sexual violence in the last 12 months (% of women age 15-49)","SG.VAW.1549.ZS","","","","","","","","","","","","","","","","","","","","","","","","","","","","","","","","","","","","","","","","","","","","","","","","","","","","","","","","","","","","","",
"East Asia & Pacific (excluding high income)","EAP","Proportion of women subjected to physical and/or sexual violence in the last 12 months (% of women age 15-49)","SG.VAW.1549.ZS","","","","","","","","","","","","","","","","","","","","","","","","","","","","","","","","","","","","","","","","","","","","","","","","","","","","","","","","","","","","","",
"Early-demographic dividend","EAR","Proportion of women subjected to physical and/or sexual violence in the last 12 months (% of women age 15-49)","SG.VAW.1549.ZS","","","","","","","","","","","","","","","","","","","","","","","","","","","","","","","","","","","","","","","","","","","","","","","","","","","","","","","","","","","","","",
"East Asia & Pacific","EAS","Proportion of women subjected to physical and/or sexual violence in the last 12 months (% of women age 15-49)","SG.VAW.1549.ZS","","","","","","","","","","","","","","","","","","","","","","","","","","","","","","","","","","","","","","","","","","","","","","","","","","","","","","","","","","","","","",
"Europe & Central Asia (excluding high income)","ECA","Proportion of women subjected to physical and/or sexual violence in the last 12 months (% of women age 15-49)","SG.VAW.1549.ZS","","","","","","","","","","","","","","","","","","","","","","","","","","","","","","","","","","","","","","","","","","","","","","","","","","","","","","","","","","","","","",
"Europe & Central Asia","ECS","Proportion of women subjected to physical and/or sexual violence in the last 12 months (% of women age 15-49)","SG.VAW.1549.ZS","","","","","","","","","","","","","","","","","","","","","","","","","","","","","","","","","","","","","","","","","","","","","","","","","","","","","","","","","","","","","",
"Ecuador","ECU","Proportion of women subjected to physical and/or sexual violence in the last 12 months (% of women age 15-49)","SG.VAW.1549.ZS","","","","","","","","","","","","","","","","","","","","","","","","","","","","","","","","","","","","","","","","","","","","","","","","","","","","10.8","","","","","","","","","",
"Egypt, Arab Rep.","EGY","Proportion of women subjected to physical and/or sexual violence in the last 12 months (% of women age 15-49)","SG.VAW.1549.ZS","","","","","","","","","","","","","","","","","","","","","","","","","","","","","","","","","","","","","","","","","","","","","","","","","","","","","","","14","","","","","","",
"Euro area","EMU","Proportion of women subjected to physical and/or sexual violence in the last 12 months (% of women age 15-49)","SG.VAW.1549.ZS","","","","","","","","","","","","","","","","","","","","","","","","","","","","","","","","","","","","","","","","","","","","","","","","","","","","","","","","","","","","","",
"Eritrea","ERI","Proportion of women subjected to physical and/or sexual violence in the last 12 months (% of women age 15-49)","SG.VAW.1549.ZS","","","","","","","","","","","","","","","","","","","","","","","","","","","","","","","","","","","","","","","","","","","","","","","","","","","","","","","","","","","","","",
"Spain","ESP","Proportion of women subjected to physical and/or sexual violence in the last 12 months (% of women age 15-49)","SG.VAW.1549.ZS","","","","","","","","","","","","","","","","","","","","","","","","","","","","","","","","","","","","","","","","","","","","","","","","","","","","","2","","","","","","","","",
"Estonia","EST","Proportion of women subjected to physical and/or sexual violence in the last 12 months (% of women age 15-49)","SG.VAW.1549.ZS","","","","","","","","","","","","","","","","","","","","","","","","","","","","","","","","","","","","","","","","","","","","","","","","","","","","","4","","","","","","","","",
"Ethiopia","ETH","Proportion of women subjected to physical and/or sexual violence in the last 12 months (% of women age 15-49)","SG.VAW.1549.ZS","","","","","","","","","","","","","","","","","","","","","","","","","","","","","","","","","","","","","","","","","","","","","","","","","","","","","","","","","19.8","","","","",
"European Union","EUU","Proportion of women subjected to physical and/or sexual violence in the last 12 months (% of women age 15-49)","SG.VAW.1549.ZS","","","","","","","","","","","","","","","","","","","","","","","","","","","","","","","","","","","","","","","","","","","","","","","","","","","","","","","","","","","","","",
"Fragile and conflict affected situations","FCS","Proportion of women subjected to physical and/or sexual violence in the last 12 months (% of women age 15-49)","SG.VAW.1549.ZS","","","","","","","","","","","","","","","","","","","","","","","","","","","","","","","","","","","","","","","","","","","","","","","","","","","","","","","","","","","","","",
"Finland","FIN","Proportion of women subjected to physical and/or sexual violence in the last 12 months (% of women age 15-49)","SG.VAW.1549.ZS","","","","","","","","","","","","","","","","","","","","","","","","","","","","","","","","","","","","","","","","","","","","","","","","","","","","","8","","","","","","","","",
"Fiji","FJI","Proportion of women subjected to physical and/or sexual violence in the last 12 months (% of women age 15-49)","SG.VAW.1549.ZS","","","","","","","","","","","","","","","","","","","","","","","","","","","","","","","","","","","","","","","","","","","","","","","","","","","","29.7","","","","","","","","","",
"France","FRA","Proportion of women subjected to physical and/or sexual violence in the last 12 months (% of women age 15-49)","SG.VAW.1549.ZS","","","","","","","","","","","","","","","","","","","","","","","","","","","","","","","","","","","","","","","","","","","","","","","","","","","","","7","","","","","","","","",
"Faroe Islands","FRO","Proportion of women subjected to physical and/or sexual violence in the last 12 months (% of women age 15-49)","SG.VAW.1549.ZS","","","","","","","","","","","","","","","","","","","","","","","","","","","","","","","","","","","","","","","","","","","","","","","","","","","","","","","","","","","","","",
"Micronesia, Fed. Sts.","FSM","Proportion of women subjected to physical and/or sexual violence in the last 12 months (% of women age 15-49)","SG.VAW.1549.ZS","","","","","","","","","","","","","","","","","","","","","","","","","","","","","","","","","","","","","","","","","","","","","","","","","","","","","","","26","","","","","","",
"Gabon","GAB","Proportion of women subjected to physical and/or sexual violence in the last 12 months (% of women age 15-49)","SG.VAW.1549.ZS","","","","","","","","","","","","","","","","","","","","","","","","","","","","","","","","","","","","","","","","","","","","","","","","","","","","","31.5","","","","","","","","",
"United Kingdom","GBR","Proportion of women subjected to physical and/or sexual violence in the last 12 months (% of women age 15-49)","SG.VAW.1549.ZS","","","","","","","","","","","","","","","","","","","","","","","","","","","","","","","","","","","","","","","","","","","","","","","","","","","","","6","","","","","","","","",
"Georgia","GEO","Proportion of women subjected to physical and/or sexual violence in the last 12 months (% of women age 15-49)","SG.VAW.1549.ZS","","","","","","","","","","","","","","","","","","","","","","","","","","","","","","","","","","","","","","","","","","","","","","","","","","","","","","","","","","","","","",
"Ghana","GHA","Proportion of women subjected to physical and/or sexual violence in the last 12 months (% of women age 15-49)","SG.VAW.1549.ZS","","","","","","","","","","","","","","","","","","","","","","","","","","","","","","","","","","","","","","","","","","","","","","","","","19.2","","","","","","","","","","","","",
"Gibraltar","GIB","Proportion of women subjected to physical and/or sexual violence in the last 12 months (% of women age 15-49)","SG.VAW.1549.ZS","","","","","","","","","","","","","","","","","","","","","","","","","","","","","","","","","","","","","","","","","","","","","","","","","","","","","","","","","","","","","",
"Guinea","GIN","Proportion of women subjected to physical and/or sexual violence in the last 12 months (% of women age 15-49)","SG.VAW.1549.ZS","","","","","","","","","","","","","","","","","","","","","","","","","","","","","","","","","","","","","","","","","","","","","","","","","","","","","","","","","","","","","",
"Gambia, The","GMB","Proportion of women subjected to physical and/or sexual violence in the last 12 months (% of women age 15-49)","SG.VAW.1549.ZS","","","","","","","","","","","","","","","","","","","","","","","","","","","","","","","","","","","","","","","","","","","","","","","","","","","","","","7.3","","","","","","","",
"Guinea-Bissau","GNB","Proportion of women subjected to physical and/or sexual violence in the last 12 months (% of women age 15-49)","SG.VAW.1549.ZS","","","","","","","","","","","","","","","","","","","","","","","","","","","","","","","","","","","","","","","","","","","","","","","","","","","","","","","","","","","","","",
"Equatorial Guinea","GNQ","Proportion of women subjected to physical and/or sexual violence in the last 12 months (% of women age 15-49)","SG.VAW.1549.ZS","","","","","","","","","","","","","","","","","","","","","","","","","","","","","","","","","","","","","","","","","","","","","","","","","","","","43.6","","","","","","","","","",
"Greece","GRC","Proportion of women subjected to physical and/or sexual violence in the last 12 months (% of women age 15-49)","SG.VAW.1549.ZS","","","","","","","","","","","","","","","","","","","","","","","","","","","","","","","","","","","","","","","","","","","","","","","","","","","","","8","","","","","","","","",
"Grenada","GRD","Proportion of women subjected to physical and/or sexual violence in the last 12 months (% of women age 15-49)","SG.VAW.1549.ZS","","","","","","","","","","","","","","","","","","","","","","","","","","","","","","","","","","","","","","","","","","","","","","","","","","","","","","","","","","","","","",
"Greenland","GRL","Proportion of women subjected to physical and/or sexual violence in the last 12 months (% of women age 15-49)","SG.VAW.1549.ZS","","","","","","","","","","","","","","","","","","","","","","","","","","","","","","","","","","","","","","","","","","","","","","","","","","","","","","","","","","","","","",
"Guatemala","GTM","Proportion of women subjected to physical and/or sexual violence in the last 12 months (% of women age 15-49)","SG.VAW.1549.ZS","","","","","","","","","","","","","","","","","","","","","","","","","","","","","","","","","","","","","","","","","","","","","","","","","","","","","","","","8.9","","","","","",
"Guam","GUM","Proportion of women subjected to physical and/or sexual violence in the last 12 months (% of women age 15-49)","SG.VAW.1549.ZS","","","","","","","","","","","","","","","","","","","","","","","","","","","","","","","","","","","","","","","","","","","","","","","","","","","","","","","","","","","","","",
"Guyana","GUY","Proportion of women subjected to physical and/or sexual violence in the last 12 months (% of women age 15-49)","SG.VAW.1549.ZS","","","","","","","","","","","","","","","","","","","","","","","","","","","","","","","","","","","","","","","","","","","","","","","","","","","","","","","","","","","","","",
"High income","HIC","Proportion of women subjected to physical and/or sexual violence in the last 12 months (% of women age 15-49)","SG.VAW.1549.ZS","","","","","","","","","","","","","","","","","","","","","","","","","","","","","","","","","","","","","","","","","","","","","","","","","","","","","","","","","","","","","",
"Hong Kong SAR, China","HKG","Proportion of women subjected to physical and/or sexual violence in the last 12 months (% of women age 15-49)","SG.VAW.1549.ZS","","","","","","","","","","","","","","","","","","","","","","","","","","","","","","","","","","","","","","","","","","","","","","","","","","","","","","","","","","","","","",
"Honduras","HND","Proportion of women subjected to physical and/or sexual violence in the last 12 months (% of women age 15-49)","SG.VAW.1549.ZS","","","","","","","","","","","","","","","","","","","","","","","","","","","","","","","","","","","","","","","","","","","","","","","","","","","","","11","","","","","","","","",
"Heavily indebted poor countries (HIPC)","HPC","Proportion of women subjected to physical and/or sexual violence in the last 12 months (% of women age 15-49)","SG.VAW.1549.ZS","","","","","","","","","","","","","","","","","","","","","","","","","","","","","","","","","","","","","","","","","","","","","","","","","","","","","","","","","","","","","",
"Croatia","HRV","Proportion of women subjected to physical and/or sexual violence in the last 12 months (% of women age 15-49)","SG.VAW.1549.ZS","","","","","","","","","","","","","","","","","","","","","","","","","","","","","","","","","","","","","","","","","","","","","","","","","","","","","4","","","","","","","","",
"Haiti","HTI","Proportion of women subjected to physical and/or sexual violence in the last 12 months (% of women age 15-49)","SG.VAW.1549.ZS","","","","","","","","","","","","","","","","","","","","","","","","","","","","","","","","","","","","","","","","","","","","","","","","","","","","","","","","","","13.9","","","",
"Hungary","HUN","Proportion of women subjected to physical and/or sexual violence in the last 12 months (% of women age 15-49)","SG.VAW.1549.ZS","","","","","","","","","","","","","","","","","","","","","","","","","","","","","","","","","","","","","","","","","","","","","","","","","","","","","8","","","","","","","","",
"IBRD only","IBD","Proportion of women subjected to physical and/or sexual violence in the last 12 months (% of women age 15-49)","SG.VAW.1549.ZS","","","","","","","","","","","","","","","","","","","","","","","","","","","","","","","","","","","","","","","","","","","","","","","","","","","","","","","","","","","","","",
"IDA & IBRD total","IBT","Proportion of women subjected to physical and/or sexual violence in the last 12 months (% of women age 15-49)","SG.VAW.1549.ZS","","","","","","","","","","","","","","","","","","","","","","","","","","","","","","","","","","","","","","","","","","","","","","","","","","","","","","","","","","","","","",
"IDA total","IDA","Proportion of women subjected to physical and/or sexual violence in the last 12 months (% of women age 15-49)","SG.VAW.1549.ZS","","","","","","","","","","","","","","","","","","","","","","","","","","","","","","","","","","","","","","","","","","","","","","","","","","","","","","","","","","","","","",
"IDA blend","IDB","Proportion of women subjected to physical and/or sexual violence in the last 12 months (% of women age 15-49)","SG.VAW.1549.ZS","","","","","","","","","","","","","","","","","","","","","","","","","","","","","","","","","","","","","","","","","","","","","","","","","","","","","","","","","","","","","",
"Indonesia","IDN","Proportion of women subjected to physical and/or sexual violence in the last 12 months (% of women age 15-49)","SG.VAW.1549.ZS","","","","","","","","","","","","","","","","","","","","","","","","","","","","","","","","","","","","","","","","","","","","","","","","","","","","","","","","","","","","","",
"IDA only","IDX","Proportion of women subjected to physical and/or sexual violence in the last 12 months (% of women age 15-49)","SG.VAW.1549.ZS","","","","","","","","","","","","","","","","","","","","","","","","","","","","","","","","","","","","","","","","","","","","","","","","","","","","","","","","","","","","","",
"Isle of Man","IMN","Proportion of women subjected to physical and/or sexual violence in the last 12 months (% of women age 15-49)","SG.VAW.1549.ZS","","","","","","","","","","","","","","","","","","","","","","","","","","","","","","","","","","","","","","","","","","","","","","","","","","","","","","","","","","","","","",
"India","IND","Proportion of women subjected to physical and/or sexual violence in the last 12 months (% of women age 15-49)","SG.VAW.1549.ZS","","","","","","","","","","","","","","","","","","","","","","","","","","","","","","","","","","","","","","","","","","","","","","","","","","","","","","","","","22","","","","",
"Not classified","INX","Proportion of women subjected to physical and/or sexual violence in the last 12 months (% of women age 15-49)","SG.VAW.1549.ZS","","","","","","","","","","","","","","","","","","","","","","","","","","","","","","","","","","","","","","","","","","","","","","","","","","","","","","","","","","","","","",
"Ireland","IRL","Proportion of women subjected to physical and/or sexual violence in the last 12 months (% of women age 15-49)","SG.VAW.1549.ZS","","","","","","","","","","","","","","","","","","","","","","","","","","","","","","","","","","","","","","","","","","","","","","","","","","","","","4","","","","","","","","",
"Iran, Islamic Rep.","IRN","Proportion of women subjected to physical and/or sexual violence in the last 12 months (% of women age 15-49)","SG.VAW.1549.ZS","","","","","","","","","","","","","","","","","","","","","","","","","","","","","","","","","","","","","","","","","","","","","","","","","","","","","","","","","","","","","",
"Iraq","IRQ","Proportion of women subjected to physical and/or sexual violence in the last 12 months (% of women age 15-49)","SG.VAW.1549.ZS","","","","","","","","","","","","","","","","","","","","","","","","","","","","","","","","","","","","","","","","","","","","","","","","","","","","","","","","","","","","","",
"Iceland","ISL","Proportion of women subjected to physical and/or sexual violence in the last 12 months (% of women age 15-49)","SG.VAW.1549.ZS","","","","","","","","","","","","","","","","","","","","","","","","","","","","","","","","","","","","","","","","","","","","","","","","","","","","","","","","","","","","","",
"Israel","ISR","Proportion of women subjected to physical and/or sexual violence in the last 12 months (% of women age 15-49)","SG.VAW.1549.ZS","","","","","","","","","","","","","","","","","","","","","","","","","","","","","","","","","","","","","","","","","","","","","","","","","","","","","","","","","","","","","",
"Italy","ITA","Proportion of women subjected to physical and/or sexual violence in the last 12 months (% of women age 15-49)","SG.VAW.1549.ZS","","","","","","","","","","","","","","","","","","","","","","","","","","","","","","","","","","","","","","","","","","","","","","","","","","","","","7","","","","","","","","",
"Jamaica","JAM","Proportion of women subjected to physical and/or sexual violence in the last 12 months (% of women age 15-49)","SG.VAW.1549.ZS","","","","","","","","","","","","","","","","","","","","","","","","","","","","","","","","","","","","","","","","","","","","","","","","","","","","","","","","","8.52","","","","",
"Jordan","JOR","Proportion of women subjected to physical and/or sexual violence in the last 12 months (% of women age 15-49)","SG.VAW.1549.ZS","","","","","","","","","","","","","","","","","","","","","","","","","","","","","","","","","","","","","","","","","","","","","","","","","","","","","14.1","","","","","","","","",
"Japan","JPN","Proportion of women subjected to physical and/or sexual violence in the last 12 months (% of women age 15-49)","SG.VAW.1549.ZS","","","","","","","","","","","","","","","","","","","","","","","","","","","","","","","","","","","","","","","","","","","","","","","","","","","","","","","","","","","","","",
"Kazakhstan","KAZ","Proportion of women subjected to physical and/or sexual violence in the last 12 months (% of women age 15-49)","SG.VAW.1549.ZS","","","","","","","","","","","","","","","","","","","","","","","","","","","","","","","","","","","","","","","","","","","","","","","","","","","","","","","","","","","","","",
"Kenya","KEN","Proportion of women subjected to physical and/or sexual violence in the last 12 months (% of women age 15-49)","SG.VAW.1549.ZS","","","","","","","","","","","","","","","","","","","","","","","","","","","","","","","","","","","","","","","","","","","","","","","","","","","","","","","25.5","","","","","","",
"Kyrgyz Republic","KGZ","Proportion of women subjected to physical and/or sexual violence in the last 12 months (% of women age 15-49)","SG.VAW.1549.ZS","","","","","","","","","","","","","","","","","","","","","","","","","","","","","","","","","","","","","","","","","","","","","","","","","","","","","17.1","","","","","","","","",
"Cambodia","KHM","Proportion of women subjected to physical and/or sexual violence in the last 12 months (% of women age 15-49)","SG.VAW.1549.ZS","","","","","","","","","","","","","","","","","","","","","","","","","","","","","","","","","","","","","","","","","","","","","","","","","","","","","","","10.9","","","","","","",
"Kiribati","KIR","Proportion of women subjected to physical and/or sexual violence in the last 12 months (% of women age 15-49)","SG.VAW.1549.ZS","","","","","","","","","","","","","","","","","","","","","","","","","","","","","","","","","","","","","","","","","","","","","","","","","36.1","","","","","","","","","","","","",
"St. Kitts and Nevis","KNA","Proportion of women subjected to physical and/or sexual violence in the last 12 months (% of women age 15-49)","SG.VAW.1549.ZS","","","","","","","","","","","","","","","","","","","","","","","","","","","","","","","","","","","","","","","","","","","","","","","","","","","","","","","","","","","","","",
"Korea, Rep.","KOR","Proportion of women subjected to physical and/or sexual violence in the last 12 months (% of women age 15-49)","SG.VAW.1549.ZS","","","","","","","","","","","","","","","","","","","","","","","","","","","","","","","","","","","","","","","","","","","","","","","","","","","","","","","","","","","","","",
"Kuwait","KWT","Proportion of women subjected to physical and/or sexual violence in the last 12 months (% of women age 15-49)","SG.VAW.1549.ZS","","","","","","","","","","","","","","","","","","","","","","","","","","","","","","","","","","","","","","","","","","","","","","","","","","","","","","","","","","","","","",
"Latin America & Caribbean (excluding high income)","LAC","Proportion of women subjected to physical and/or sexual violence in the last 12 months (% of women age 15-49)","SG.VAW.1549.ZS","","","","","","","","","","","","","","","","","","","","","","","","","","","","","","","","","","","","","","","","","","","","","","","","","","","","","","","","","","","","","",
"Lao PDR","LAO","Proportion of women subjected to physical and/or sexual violence in the last 12 months (% of women age 15-49)","SG.VAW.1549.ZS","","","","","","","","","","","","","","","","","","","","","","","","","","","","","","","","","","","","","","","","","","","","","","","","","","","","","","","6.4","","","","","","",
"Lebanon","LBN","Proportion of women subjected to physical and/or sexual violence in the last 12 months (% of women age 15-49)","SG.VAW.1549.ZS","","","","","","","","","","","","","","","","","","","","","","","","","","","","","","","","","","","","","","","","","","","","","","","","","","","","","","","","","","","","","",
"Liberia","LBR","Proportion of women subjected to physical and/or sexual violence in the last 12 months (% of women age 15-49)","SG.VAW.1549.ZS","","","","","","","","","","","","","","","","","","","","","","","","","","","","","","","","","","","","","","","","","","","","","","","","35","","","","","","","","","","","","","",
"Libya","LBY","Proportion of women subjected to physical and/or sexual violence in the last 12 months (% of women age 15-49)","SG.VAW.1549.ZS","","","","","","","","","","","","","","","","","","","","","","","","","","","","","","","","","","","","","","","","","","","","","","","","","","","","","","","","","","","","","",
"St. Lucia","LCA","Proportion of women subjected to physical and/or sexual violence in the last 12 months (% of women age 15-49)","SG.VAW.1549.ZS","","","","","","","","","","","","","","","","","","","","","","","","","","","","","","","","","","","","","","","","","","","","","","","","","","","","","","","","","","","","","",
"Latin America & Caribbean","LCN","Proportion of women subjected to physical and/or sexual violence in the last 12 months (% of women age 15-49)","SG.VAW.1549.ZS","","","","","","","","","","","","","","","","","","","","","","","","","","","","","","","","","","","","","","","","","","","","","","","","","","","","","","","","","","","","","",
"Least developed countries: UN classification","LDC","Proportion of women subjected to physical and/or sexual violence in the last 12 months (% of women age 15-49)","SG.VAW.1549.ZS","","","","","","","","","","","","","","","","","","","","","","","","","","","","","","","","","","","","","","","","","","","","","","","","","","","","","","","","","","","","","",
"Low income","LIC","Proportion of women subjected to physical and/or sexual violence in the last 12 months (% of women age 15-49)","SG.VAW.1549.ZS","","","","","","","","","","","","","","","","","","","","","","","","","","","","","","","","","","","","","","","","","","","","","","","","","","","","","","","","","","","","","",
"Liechtenstein","LIE","Proportion of women subjected to physical and/or sexual violence in the last 12 months (% of women age 15-49)","SG.VAW.1549.ZS","","","","","","","","","","","","","","","","","","","","","","","","","","","","","","","","","","","","","","","","","","","","","","","","","","","","","","","","","","","","","",
"Sri Lanka","LKA","Proportion of women subjected to physical and/or sexual violence in the last 12 months (% of women age 15-49)","SG.VAW.1549.ZS","","","","","","","","","","","","","","","","","","","","","","","","","","","","","","","","","","","","","","","","","","","","","","","","","","","","","","","","","","","","","",
"Lower middle income","LMC","Proportion of women subjected to physical and/or sexual violence in the last 12 months (% of women age 15-49)","SG.VAW.1549.ZS","","","","","","","","","","","","","","","","","","","","","","","","","","","","","","","","","","","","","","","","","","","","","","","","","","","","","","","","","","","","","",
"Low & middle income","LMY","Proportion of women subjected to physical and/or sexual violence in the last 12 months (% of women age 15-49)","SG.VAW.1549.ZS","","","","","","","","","","","","","","","","","","","","","","","","","","","","","","","","","","","","","","","","","","","","","","","","","","","","","","","","","","","","","",
"Lesotho","LSO","Proportion of women subjected to physical and/or sexual violence in the last 12 months (% of women age 15-49)","SG.VAW.1549.ZS","","","","","","","","","","","","","","","","","","","","","","","","","","","","","","","","","","","","","","","","","","","","","","","","","","","","","","","","","","","","","",
"Late-demographic dividend","LTE","Proportion of women subjected to physical and/or sexual violence in the last 12 months (% of women age 15-49)","SG.VAW.1549.ZS","","","","","","","","","","","","","","","","","","","","","","","","","","","","","","","","","","","","","","","","","","","","","","","","","","","","","","","","","","","","","",
"Lithuania","LTU","Proportion of women subjected to physical and/or sexual violence in the last 12 months (% of women age 15-49)","SG.VAW.1549.ZS","","","","","","","","","","","","","","","","","","","","","","","","","","","","","","","","","","","","","","","","","","","","","","","","","","","","","6","","","","","","","","",
"Luxembourg","LUX","Proportion of women subjected to physical and/or sexual violence in the last 12 months (% of women age 15-49)","SG.VAW.1549.ZS","","","","","","","","","","","","","","","","","","","","","","","","","","","","","","","","","","","","","","","","","","","","","","","","","","","","","3","","","","","","","","",
"Latvia","LVA","Proportion of women subjected to physical and/or sexual violence in the last 12 months (% of women age 15-49)","SG.VAW.1549.ZS","","","","","","","","","","","","","","","","","","","","","","","","","","","","","","","","","","","","","","","","","","","","","","","","","","","","","7","","","","","","","","",
"Macao SAR, China","MAC","Proportion of women subjected to physical and/or sexual violence in the last 12 months (% of women age 15-49)","SG.VAW.1549.ZS","","","","","","","","","","","","","","","","","","","","","","","","","","","","","","","","","","","","","","","","","","","","","","","","","","","","","","","","","","","","","",
"St. Martin (French part)","MAF","Proportion of women subjected to physical and/or sexual violence in the last 12 months (% of women age 15-49)","SG.VAW.1549.ZS","","","","","","","","","","","","","","","","","","","","","","","","","","","","","","","","","","","","","","","","","","","","","","","","","","","","","","","","","","","","","",
"Morocco","MAR","Proportion of women subjected to physical and/or sexual violence in the last 12 months (% of women age 15-49)","SG.VAW.1549.ZS","","","","","","","","","","","","","","","","","","","","","","","","","","","","","","","","","","","","","","","","","","","","","","","","","","","","","","","","","","","","","",
"Monaco","MCO","Proportion of women subjected to physical and/or sexual violence in the last 12 months (% of women age 15-49)","SG.VAW.1549.ZS","","","","","","","","","","","","","","","","","","","","","","","","","","","","","","","","","","","","","","","","","","","","","","","","","","","","","","","","","","","","","",
"Moldova","MDA","Proportion of women subjected to physical and/or sexual violence in the last 12 months (% of women age 15-49)","SG.VAW.1549.ZS","","","","","","","","","","","","","","","","","","","","","","","","","","","","","","","","","","","","","","","","","","","","","","14.6","","","","","","","","","","","","","","","",
"Madagascar","MDG","Proportion of women subjected to physical and/or sexual violence in the last 12 months (% of women age 15-49)","SG.VAW.1549.ZS","","","","","","","","","","","","","","","","","","","","","","","","","","","","","","","","","","","","","","","","","","","","","","","","","","","","","","","","","","","","","",
"Maldives","MDV","Proportion of women subjected to physical and/or sexual violence in the last 12 months (% of women age 15-49)","SG.VAW.1549.ZS","","","","","","","","","","","","","","","","","","","","","","","","","","","","","","","","","","","","","","","","","","","","","","","6.4","","","","","","","","","","","","","","",
"Middle East & North Africa","MEA","Proportion of women subjected to physical and/or sexual violence in the last 12 months (% of women age 15-49)","SG.VAW.1549.ZS","","","","","","","","","","","","","","","","","","","","","","","","","","","","","","","","","","","","","","","","","","","","","","","","","","","","","","","","","","","","","",
"Mexico","MEX","Proportion of women subjected to physical and/or sexual violence in the last 12 months (% of women age 15-49)","SG.VAW.1549.ZS","","","","","","","","","","","","","","","","","","","","","","","","","","","","","","","","","","","","","","","","","","","","","","","","","","","","","","","","","9.5","","","","",
"Marshall Islands","MHL","Proportion of women subjected to physical and/or sexual violence in the last 12 months (% of women age 15-49)","SG.VAW.1549.ZS","","","","","","","","","","","","","","","","","","","","","","","","","","","","","","","","","","","","","","","","","","","","","","","","","","","","","","","20.1","","","","","","",
"Middle income","MIC","Proportion of women subjected to physical and/or sexual violence in the last 12 months (% of women age 15-49)","SG.VAW.1549.ZS","","","","","","","","","","","","","","","","","","","","","","","","","","","","","","","","","","","","","","","","","","","","","","","","","","","","","","","","","","","","","",
"North Macedonia","MKD","Proportion of women subjected to physical and/or sexual violence in the last 12 months (% of women age 15-49)","SG.VAW.1549.ZS","","","","","","","","","","","","","","","","","","","","","","","","","","","","","","","","","","","","","","","","","","","","","","","","","","","","","","","","","","","","","",
"Mali","MLI","Proportion of women subjected to physical and/or sexual violence in the last 12 months (% of women age 15-49)","SG.VAW.1549.ZS","","","","","","","","","","","","","","","","","","","","","","","","","","","","","","","","","","","","","","","","","","","","","","","21.5","","","","","","","","","","","","","","",
"Malta","MLT","Proportion of women subjected to physical and/or sexual violence in the last 12 months (% of women age 15-49)","SG.VAW.1549.ZS","","","","","","","","","","","","","","","","","","","","","","","","","","","","","","","","","","","","","","","","","","","","","","","","","","","","","5","","","","","","","","",
"Myanmar","MMR","Proportion of women subjected to physical and/or sexual violence in the last 12 months (% of women age 15-49)","SG.VAW.1549.ZS","","","","","","","","","","","","","","","","","","","","","","","","","","","","","","","","","","","","","","","","","","","","","","","","","","","","","","","","","11","","","","",
"Middle East & North Africa (excluding high income)","MNA","Proportion of women subjected to physical and/or sexual violence in the last 12 months (% of women age 15-49)","SG.VAW.1549.ZS","","","","","","","","","","","","","","","","","","","","","","","","","","","","","","","","","","","","","","","","","","","","","","","","","","","","","","","","","","","","","",
"Montenegro","MNE","Proportion of women subjected to physical and/or sexual violence in the last 12 months (% of women age 15-49)","SG.VAW.1549.ZS","","","","","","","","","","","","","","","","","","","","","","","","","","","","","","","","","","","","","","","","","","","","","","","","","","","","","","","","","","","","","",
"Mongolia","MNG","Proportion of women subjected to physical and/or sexual violence in the last 12 months (% of women age 15-49)","SG.VAW.1549.ZS","","","","","","","","","","","","","","","","","","","","","","","","","","","","","","","","","","","","","","","","","","","","","","","","","","","","","","","","","","14.7","","","",
"Northern Mariana Islands","MNP","Proportion of women subjected to physical and/or sexual violence in the last 12 months (% of women age 15-49)","SG.VAW.1549.ZS","","","","","","","","","","","","","","","","","","","","","","","","","","","","","","","","","","","","","","","","","","","","","","","","","","","","","","","","","","","","","",
"Mozambique","MOZ","Proportion of women subjected to physical and/or sexual violence in the last 12 months (% of women age 15-49)","SG.VAW.1549.ZS","","","","","","","","","","","","","","","","","","","","","","","","","","","","","","","","","","","","","","","","","","","","","","","","","","","","","","","","15.5","","","","","",
"Mauritania","MRT","Proportion of women subjected to physical and/or sexual violence in the last 12 months (% of women age 15-49)","SG.VAW.1549.ZS","","","","","","","","","","","","","","","","","","","","","","","","","","","","","","","","","","","","","","","","","","","","","","","","","","","","","","","","","","","","","",
"Mauritius","MUS","Proportion of women subjected to physical and/or sexual violence in the last 12 months (% of women age 15-49)","SG.VAW.1549.ZS","","","","","","","","","","","","","","","","","","","","","","","","","","","","","","","","","","","","","","","","","","","","","","","","","","","","","","","","","","","","","",
"Malawi","MWI","Proportion of women subjected to physical and/or sexual violence in the last 12 months (% of women age 15-49)","SG.VAW.1549.ZS","","","","","","","","","","","","","","","","","","","","","","","","","","","","","","","","","","","","","","","","","","","","","","","","","","","","","","","","","24.3","","","","",
"Malaysia","MYS","Proportion of women subjected to physical and/or sexual violence in the last 12 months (% of women age 15-49)","SG.VAW.1549.ZS","","","","","","","","","","","","","","","","","","","","","","","","","","","","","","","","","","","","","","","","","","","","","","","","","","","","","","","","","","","","","",
"North America","NAC","Proportion of women subjected to physical and/or sexual violence in the last 12 months (% of women age 15-49)","SG.VAW.1549.ZS","","","","","","","","","","","","","","","","","","","","","","","","","","","","","","","","","","","","","","","","","","","","","","","","","","","","","","","","","","","","","",
"Namibia","NAM","Proportion of women subjected to physical and/or sexual violence in the last 12 months (% of women age 15-49)","SG.VAW.1549.ZS","","","","","","","","","","","","","","","","","","","","","","","","","","","","","","","","","","","","","","","","","","","","","","","","","","","","","","20.2","","","","","","","",
"New Caledonia","NCL","Proportion of women subjected to physical and/or sexual violence in the last 12 months (% of women age 15-49)","SG.VAW.1549.ZS","","","","","","","","","","","","","","","","","","","","","","","","","","","","","","","","","","","","","","","","","","","","","","","","","","","","","","","","","","","","","",
"Niger","NER","Proportion of women subjected to physical and/or sexual violence in the last 12 months (% of women age 15-49)","SG.VAW.1549.ZS","","","","","","","","","","","","","","","","","","","","","","","","","","","","","","","","","","","","","","","","","","","","","","","","","","","","","","","","","","","","","",
"Nigeria","NGA","Proportion of women subjected to physical and/or sexual violence in the last 12 months (% of women age 15-49)","SG.VAW.1549.ZS","","","","","","","","","","","","","","","","","","","","","","","","","","","","","","","","","","","","","","","","","","","","","","","","","","","","","","11","","","","","","","",
"Nicaragua","NIC","Proportion of women subjected to physical and/or sexual violence in the last 12 months (% of women age 15-49)","SG.VAW.1549.ZS","","","","","","","","","","","","","","","","","","","","","","","","","","","","","","","","","","","","","","","","","","","","","","","","","","","","","7.5","","","","","","","","",
"Netherlands","NLD","Proportion of women subjected to physical and/or sexual violence in the last 12 months (% of women age 15-49)","SG.VAW.1549.ZS","","","","","","","","","","","","","","","","","","","","","","","","","","","","","","","","","","","","","","","","","","","","","","","","","","","","","7","","","","","","","","",
"Norway","NOR","Proportion of women subjected to physical and/or sexual violence in the last 12 months (% of women age 15-49)","SG.VAW.1549.ZS","","","","","","","","","","","","","","","","","","","","","","","","","","","","","","","","","","","","","","","","","","","","","","","","","","","","","","","","","","","","","",
"Nepal","NPL","Proportion of women subjected to physical and/or sexual violence in the last 12 months (% of women age 15-49)","SG.VAW.1549.ZS","","","","","","","","","","","","","","","","","","","","","","","","","","","","","","","","","","","","","","","","","","","","","","","","","","","","","","","","","11.2","","","","",
"Nauru","NRU","Proportion of women subjected to physical and/or sexual violence in the last 12 months (% of women age 15-49)","SG.VAW.1549.ZS","","","","","","","","","","","","","","","","","","","","","","","","","","","","","","","","","","","","","","","","","","","","","","","","","","","","","","","","","","","","","",
"New Zealand","NZL","Proportion of women subjected to physical and/or sexual violence in the last 12 months (% of women age 15-49)","SG.VAW.1549.ZS","","","","","","","","","","","","","","","","","","","","","","","","","","","","","","","","","","","","","","","","","","","","","","","","","","","","","","","","","","","","","",
"OECD members","OED","Proportion of women subjected to physical and/or sexual violence in the last 12 months (% of women age 15-49)","SG.VAW.1549.ZS","","","","","","","","","","","","","","","","","","","","","","","","","","","","","","","","","","","","","","","","","","","","","","","","","","","","","","","","","","","","","",
"Oman","OMN","Proportion of women subjected to physical and/or sexual violence in the last 12 months (% of women age 15-49)","SG.VAW.1549.ZS","","","","","","","","","","","","","","","","","","","","","","","","","","","","","","","","","","","","","","","","","","","","","","","","","","","","","","","","","","","","","",
"Other small states","OSS","Proportion of women subjected to physical and/or sexual violence in the last 12 months (% of women age 15-49)","SG.VAW.1549.ZS","","","","","","","","","","","","","","","","","","","","","","","","","","","","","","","","","","","","","","","","","","","","","","","","","","","","","","","","","","","","","",
"Pakistan","PAK","Proportion of women subjected to physical and/or sexual violence in the last 12 months (% of women age 15-49)","SG.VAW.1549.ZS","","","","","","","","","","","","","","","","","","","","","","","","","","","","","","","","","","","","","","","","","","","","","","","","","","","","","","","","","","","","","",
"Panama","PAN","Proportion of women subjected to physical and/or sexual violence in the last 12 months (% of women age 15-49)","SG.VAW.1549.ZS","","","","","","","","","","","","","","","","","","","","","","","","","","","","","","","","","","","","","","","","","","","","","","","","","","10.1","","","","","","","","","","","",
"Peru","PER","Proportion of women subjected to physical and/or sexual violence in the last 12 months (% of women age 15-49)","SG.VAW.1549.ZS","","","","","","","","","","","","","","","","","","","","","","","","","","","","","","","","","","","","","","","","","","","","","","","","","","","","","","","","","10.8","","","","",
"Philippines","PHL","Proportion of women subjected to physical and/or sexual violence in the last 12 months (% of women age 15-49)","SG.VAW.1549.ZS","","","","","","","","","","","","","","","","","","","","","","","","","","","","","","","","","","","","","","","","","","","","","","","","","","","","","","","","","","5.5","","","",
"Palau","PLW","Proportion of women subjected to physical and/or sexual violence in the last 12 months (% of women age 15-49)","SG.VAW.1549.ZS","","","","","","","","","","","","","","","","","","","","","","","","","","","","","","","","","","","","","","","","","","","","","","","","","","","","","","9.6","","","","","","","",
"Papua New Guinea","PNG","Proportion of women subjected to physical and/or sexual violence in the last 12 months (% of women age 15-49)","SG.VAW.1549.ZS","","","","","","","","","","","","","","","","","","","","","","","","","","","","","","","","","","","","","","","","","","","","","","","","","","","","","","","","","","","","","",
"Poland","POL","Proportion of women subjected to physical and/or sexual violence in the last 12 months (% of women age 15-49)","SG.VAW.1549.ZS","","","","","","","","","","","","","","","","","","","","","","","","","","","","","","","","","","","","","","","","","","","","","","","","","","","","","3","","","","","","","","",
"Pre-demographic dividend","PRE","Proportion of women subjected to physical and/or sexual violence in the last 12 months (% of women age 15-49)","SG.VAW.1549.ZS","","","","","","","","","","","","","","","","","","","","","","","","","","","","","","","","","","","","","","","","","","","","","","","","","","","","","","","","","","","","","",
"Puerto Rico","PRI","Proportion of women subjected to physical and/or sexual violence in the last 12 months (% of women age 15-49)","SG.VAW.1549.ZS","","","","","","","","","","","","","","","","","","","","","","","","","","","","","","","","","","","","","","","","","","","","","","","","","","","","","","","","","","","","","",
"Korea, Dem. People's Rep.","PRK","Proportion of women subjected to physical and/or sexual violence in the last 12 months (% of women age 15-49)","SG.VAW.1549.ZS","","","","","","","","","","","","","","","","","","","","","","","","","","","","","","","","","","","","","","","","","","","","","","","","","","","","","","","","","","","","","",
"Portugal","PRT","Proportion of women subjected to physical and/or sexual violence in the last 12 months (% of women age 15-49)","SG.VAW.1549.ZS","","","","","","","","","","","","","","","","","","","","","","","","","","","","","","","","","","","","","","","","","","","","","","","","","","","","","6","","","","","","","","",
"Paraguay","PRY","Proportion of women subjected to physical and/or sexual violence in the last 12 months (% of women age 15-49)","SG.VAW.1549.ZS","","","","","","","","","","","","","","","","","","","","","","","","","","","","","","","","","","","","","","","","","","","","","","","","","8","","","","","","","","","","","","",
"West Bank and Gaza","PSE","Proportion of women subjected to physical and/or sexual violence in the last 12 months (% of women age 15-49)","SG.VAW.1549.ZS","","","","","","","","","","","","","","","","","","","","","","","","","","","","","","","","","","","","","","","","","","","","","","","","","","","","","","","","","","","","","",
"Pacific island small states","PSS","Proportion of women subjected to physical and/or sexual violence in the last 12 months (% of women age 15-49)","SG.VAW.1549.ZS","","","","","","","","","","","","","","","","","","","","","","","","","","","","","","","","","","","","","","","","","","","","","","","","","","","","","","","","","","","","","",
"Post-demographic dividend","PST","Proportion of women subjected to physical and/or sexual violence in the last 12 months (% of women age 15-49)","SG.VAW.1549.ZS","","","","","","","","","","","","","","","","","","","","","","","","","","","","","","","","","","","","","","","","","","","","","","","","","","","","","","","","","","","","","",
"French Polynesia","PYF","Proportion of women subjected to physical and/or sexual violence in the last 12 months (% of women age 15-49)","SG.VAW.1549.ZS","","","","","","","","","","","","","","","","","","","","","","","","","","","","","","","","","","","","","","","","","","","","","","","","","","","","","","","","","","","","","",
"Qatar","QAT","Proportion of women subjected to physical and/or sexual violence in the last 12 months (% of women age 15-49)","SG.VAW.1549.ZS","","","","","","","","","","","","","","","","","","","","","","","","","","","","","","","","","","","","","","","","","","","","","","","","","","","","","","","","","","","","","",
"Romania","ROU","Proportion of women subjected to physical and/or sexual violence in the last 12 months (% of women age 15-49)","SG.VAW.1549.ZS","","","","","","","","","","","","","","","","","","","","","","","","","","","","","","","","","","","","","","","","","","","","","","","","","","","","","7","","","","","","","","",
"Russian Federation","RUS","Proportion of women subjected to physical and/or sexual violence in the last 12 months (% of women age 15-49)","SG.VAW.1549.ZS","","","","","","","","","","","","","","","","","","","","","","","","","","","","","","","","","","","","","","","","","","","","","","","","","","","","","","","","","","","","","",
"Rwanda","RWA","Proportion of women subjected to physical and/or sexual violence in the last 12 months (% of women age 15-49)","SG.VAW.1549.ZS","","","","","","","","","","","","","","","","","","","","","","","","","","","","","","","","","","","","","","","","","","","","","","","","","","","","","","","","20.7","","","","","",
"South Asia","SAS","Proportion of women subjected to physical and/or sexual violence in the last 12 months (% of women age 15-49)","SG.VAW.1549.ZS","","","","","","","","","","","","","","","","","","","","","","","","","","","","","","","","","","","","","","","","","","","","","","","","","","","","","","","","","","","","","",
"Saudi Arabia","SAU","Proportion of women subjected to physical and/or sexual violence in the last 12 months (% of women age 15-49)","SG.VAW.1549.ZS","","","","","","","","","","","","","","","","","","","","","","","","","","","","","","","","","","","","","","","","","","","","","","","","","","","","","","","","","","","","","",
"Sudan","SDN","Proportion of women subjected to physical and/or sexual violence in the last 12 months (% of women age 15-49)","SG.VAW.1549.ZS","","","","","","","","","","","","","","","","","","","","","","","","","","","","","","","","","","","","","","","","","","","","","","","","","","","","","","","","","","","","","",
"Senegal","SEN","Proportion of women subjected to physical and/or sexual violence in the last 12 months (% of women age 15-49)","SG.VAW.1549.ZS","","","","","","","","","","","","","","","","","","","","","","","","","","","","","","","","","","","","","","","","","","","","","","","","","","","","","","","","","","12.2","","","",
"Singapore","SGP","Proportion of women subjected to physical and/or sexual violence in the last 12 months (% of women age 15-49)","SG.VAW.1549.ZS","","","","","","","","","","","","","","","","","","","","","","","","","","","","","","","","","","","","","","","","","","","","","","","","","","","","","","","","","","","","","",
"Solomon Islands","SLB","Proportion of women subjected to physical and/or sexual violence in the last 12 months (% of women age 15-49)","SG.VAW.1549.ZS","","","","","","","","","","","","","","","","","","","","","","","","","","","","","","","","","","","","","","","","","","","","","","","","","41.8","","","","","","","","","","","","",
"Sierra Leone","SLE","Proportion of women subjected to physical and/or sexual violence in the last 12 months (% of women age 15-49)","SG.VAW.1549.ZS","","","","","","","","","","","","","","","","","","","","","","","","","","","","","","","","","","","","","","","","","","","","","","","","","","","","","","28.7","","","","","","","",
"El Salvador","SLV","Proportion of women subjected to physical and/or sexual violence in the last 12 months (% of women age 15-49)","SG.VAW.1549.ZS","","","","","","","","","","","","","","","","","","","","","","","","","","","","","","","","","","","","","","","","","","","","","","","","","","","","","","","6.7","","","","","","",
"San Marino","SMR","Proportion of women subjected to physical and/or sexual violence in the last 12 months (% of women age 15-49)","SG.VAW.1549.ZS","","","","","","","","","","","","","","","","","","","","","","","","","","","","","","","","","","","","","","","","","","","","","","","","","","","","","","","","","","","","","",
"Somalia","SOM","Proportion of women subjected to physical and/or sexual violence in the last 12 months (% of women age 15-49)","SG.VAW.1549.ZS","","","","","","","","","","","","","","","","","","","","","","","","","","","","","","","","","","","","","","","","","","","","","","","","","","","","","","","","","","","","","",
"Serbia","SRB","Proportion of women subjected to physical and/or sexual violence in the last 12 months (% of women age 15-49)","SG.VAW.1549.ZS","","","","","","","","","","","","","","","","","","","","","","","","","","","","","","","","","","","","","","","","","","","","","","","","","","","","","","","","","","","","","",
"Sub-Saharan Africa (excluding high income)","SSA","Proportion of women subjected to physical and/or sexual violence in the last 12 months (% of women age 15-49)","SG.VAW.1549.ZS","","","","","","","","","","","","","","","","","","","","","","","","","","","","","","","","","","","","","","","","","","","","","","","","","","","","","","","","","","","","","",
"South Sudan","SSD","Proportion of women subjected to physical and/or sexual violence in the last 12 months (% of women age 15-49)","SG.VAW.1549.ZS","","","","","","","","","","","","","","","","","","","","","","","","","","","","","","","","","","","","","","","","","","","","","","","","","","","","","","","","","","","","","",
"Sub-Saharan Africa","SSF","Proportion of women subjected to physical and/or sexual violence in the last 12 months (% of women age 15-49)","SG.VAW.1549.ZS","","","","","","","","","","","","","","","","","","","","","","","","","","","","","","","","","","","","","","","","","","","","","","","","","","","","","","","","","","","","","",
"Small states","SST","Proportion of women subjected to physical and/or sexual violence in the last 12 months (% of women age 15-49)","SG.VAW.1549.ZS","","","","","","","","","","","","","","","","","","","","","","","","","","","","","","","","","","","","","","","","","","","","","","","","","","","","","","","","","","","","","",
"Sao Tome and Principe","STP","Proportion of women subjected to physical and/or sexual violence in the last 12 months (% of women age 15-49)","SG.VAW.1549.ZS","","","","","","","","","","","","","","","","","","","","","","","","","","","","","","","","","","","","","","","","","","","","","","","","","","26.3","","","","","","","","","","","",
"Suriname","SUR","Proportion of women subjected to physical and/or sexual violence in the last 12 months (% of women age 15-49)","SG.VAW.1549.ZS","","","","","","","","","","","","","","","","","","","","","","","","","","","","","","","","","","","","","","","","","","","","","","","","","","","","","","","","","","","","","",
"Slovak Republic","SVK","Proportion of women subjected to physical and/or sexual violence in the last 12 months (% of women age 15-49)","SG.VAW.1549.ZS","","","","","","","","","","","","","","","","","","","","","","","","","","","","","","","","","","","","","","","","","","","","","","","","","","","","","8","","","","","","","","",
"Slovenia","SVN","Proportion of women subjected to physical and/or sexual violence in the last 12 months (% of women age 15-49)","SG.VAW.1549.ZS","","","","","","","","","","","","","","","","","","","","","","","","","","","","","","","","","","","","","","","","","","","","","","","","","","","","","2","","","","","","","","",
"Sweden","SWE","Proportion of women subjected to physical and/or sexual violence in the last 12 months (% of women age 15-49)","SG.VAW.1549.ZS","","","","","","","","","","","","","","","","","","","","","","","","","","","","","","","","","","","","","","","","","","","","","","","","","","","","","6","","","","","","","","",
"Eswatini","SWZ","Proportion of women subjected to physical and/or sexual violence in the last 12 months (% of women age 15-49)","SG.VAW.1549.ZS","","","","","","","","","","","","","","","","","","","","","","","","","","","","","","","","","","","","","","","","","","","","","","","","","","","","","","","","","","","","","",
"Sint Maarten (Dutch part)","SXM","Proportion of women subjected to physical and/or sexual violence in the last 12 months (% of women age 15-49)","SG.VAW.1549.ZS","","","","","","","","","","","","","","","","","","","","","","","","","","","","","","","","","","","","","","","","","","","","","","","","","","","","","","","","","","","","","",
"Seychelles","SYC","Proportion of women subjected to physical and/or sexual violence in the last 12 months (% of women age 15-49)","SG.VAW.1549.ZS","","","","","","","","","","","","","","","","","","","","","","","","","","","","","","","","","","","","","","","","","","","","","","","","","","","","","","","","","","","","","",
"Syrian Arab Republic","SYR","Proportion of women subjected to physical and/or sexual violence in the last 12 months (% of women age 15-49)","SG.VAW.1549.ZS","","","","","","","","","","","","","","","","","","","","","","","","","","","","","","","","","","","","","","","","","","","","","","","","","","","","","","","","","","","","","",
"Turks and Caicos Islands","TCA","Proportion of women subjected to physical and/or sexual violence in the last 12 months (% of women age 15-49)","SG.VAW.1549.ZS","","","","","","","","","","","","","","","","","","","","","","","","","","","","","","","","","","","","","","","","","","","","","","","","","","","","","","","","","","","","","",
"Chad","TCD","Proportion of women subjected to physical and/or sexual violence in the last 12 months (% of women age 15-49)","SG.VAW.1549.ZS","","","","","","","","","","","","","","","","","","","","","","","","","","","","","","","","","","","","","","","","","","","","","","","","","","","","","","","","17.5","","","","","",
"East Asia & Pacific (IDA & IBRD countries)","TEA","Proportion of women subjected to physical and/or sexual violence in the last 12 months (% of women age 15-49)","SG.VAW.1549.ZS","","","","","","","","","","","","","","","","","","","","","","","","","","","","","","","","","","","","","","","","","","","","","","","","","","","","","","","","","","","","","",
"Europe & Central Asia (IDA & IBRD countries)","TEC","Proportion of women subjected to physical and/or sexual violence in the last 12 months (% of women age 15-49)","SG.VAW.1549.ZS","","","","","","","","","","","","","","","","","","","","","","","","","","","","","","","","","","","","","","","","","","","","","","","","","","","","","","","","","","","","","",
"Togo","TGO","Proportion of women subjected to physical and/or sexual violence in the last 12 months (% of women age 15-49)","SG.VAW.1549.ZS","","","","","","","","","","","","","","","","","","","","","","","","","","","","","","","","","","","","","","","","","","","","","","","","","","","","","","","12.7","","","","","","",
"Thailand","THA","Proportion of women subjected to physical and/or sexual violence in the last 12 months (% of women age 15-49)","SG.VAW.1549.ZS","","","","","","","","","","","","","","","","","","","","","","","","","","","","","","","","","","","","","","","","","","","","","","","","","","","","","","","","","","","","","",
"Tajikistan","TJK","Proportion of women subjected to physical and/or sexual violence in the last 12 months (% of women age 15-49)","SG.VAW.1549.ZS","","","","","","","","","","","","","","","","","","","","","","","","","","","","","","","","","","","","","","","","","","","","","","","","","","","","","","","","","","19","","","",
"Turkmenistan","TKM","Proportion of women subjected to physical and/or sexual violence in the last 12 months (% of women age 15-49)","SG.VAW.1549.ZS","","","","","","","","","","","","","","","","","","","","","","","","","","","","","","","","","","","","","","","","","","","","","","","","","","","","","","","","","","","","","",
"Latin America & the Caribbean (IDA & IBRD countries)","TLA","Proportion of women subjected to physical and/or sexual violence in the last 12 months (% of women age 15-49)","SG.VAW.1549.ZS","","","","","","","","","","","","","","","","","","","","","","","","","","","","","","","","","","","","","","","","","","","","","","","","","","","","","","","","","","","","","",
"Timor-Leste","TLS","Proportion of women subjected to physical and/or sexual violence in the last 12 months (% of women age 15-49)","SG.VAW.1549.ZS","","","","","","","","","","","","","","","","","","","","","","","","","","","","","","","","","","","","","","","","","","","","","","","","","","","","","","","","","34.6","","","","",
"Middle East & North Africa (IDA & IBRD countries)","TMN","Proportion of women subjected to physical and/or sexual violence in the last 12 months (% of women age 15-49)","SG.VAW.1549.ZS","","","","","","","","","","","","","","","","","","","","","","","","","","","","","","","","","","","","","","","","","","","","","","","","","","","","","","","","","","","","","",
"Tonga","TON","Proportion of women subjected to physical and/or sexual violence in the last 12 months (% of women age 15-49)","SG.VAW.1549.ZS","","","","","","","","","","","","","","","","","","","","","","","","","","","","","","","","","","","","","","","","","","","","","","","","","","18.9","","","","","","","","","","","",
"South Asia (IDA & IBRD)","TSA","Proportion of women subjected to physical and/or sexual violence in the last 12 months (% of women age 15-49)","SG.VAW.1549.ZS","","","","","","","","","","","","","","","","","","","","","","","","","","","","","","","","","","","","","","","","","","","","","","","","","","","","","","","","","","","","","",
"Sub-Saharan Africa (IDA & IBRD countries)","TSS","Proportion of women subjected to physical and/or sexual violence in the last 12 months (% of women age 15-49)","SG.VAW.1549.ZS","","","","","","","","","","","","","","","","","","","","","","","","","","","","","","","","","","","","","","","","","","","","","","","","","","","","","","","","","","","","","",
"Trinidad and Tobago","TTO","Proportion of women subjected to physical and/or sexual violence in the last 12 months (% of women age 15-49)","SG.VAW.1549.ZS","","","","","","","","","","","","","","","","","","","","","","","","","","","","","","","","","","","","","","","","","","","","","","","","","","","","","","","","","","6.74","","","",
"Tunisia","TUN","Proportion of women subjected to physical and/or sexual violence in the last 12 months (% of women age 15-49)","SG.VAW.1549.ZS","","","","","","","","","","","","","","","","","","","","","","","","","","","","","","","","","","","","","","","","","","","","","","","","","","","","","","","","","","","","","",
"Turkey","TUR","Proportion of women subjected to physical and/or sexual violence in the last 12 months (% of women age 15-49)","SG.VAW.1549.ZS","","","","","","","","","","","","","","","","","","","","","","","","","","","","","","","","","","","","","","","","","","","","","","","","","","","","","","","11","","","","","","",
"Tuvalu","TUV","Proportion of women subjected to physical and/or sexual violence in the last 12 months (% of women age 15-49)","SG.VAW.1549.ZS","","","","","","","","","","","","","","","","","","","","","","","","","","","","","","","","","","","","","","","","","","","","","","","","25","","","","","","","","","","","","","",
"Tanzania","TZA","Proportion of women subjected to physical and/or sexual violence in the last 12 months (% of women age 15-49)","SG.VAW.1549.ZS","","","","","","","","","","","","","","","","","","","","","","","","","","","","","","","","","","","","","","","","","","","","","","","","","","","","","","","","","29.6","","","","",
"Uganda","UGA","Proportion of women subjected to physical and/or sexual violence in the last 12 months (% of women age 15-49)","SG.VAW.1549.ZS","","","","","","","","","","","","","","","","","","","","","","","","","","","","","","","","","","","","","","","","","","","","","","","","","","","","","","","","","29.9","","","","",
"Ukraine","UKR","Proportion of women subjected to physical and/or sexual violence in the last 12 months (% of women age 15-49)","SG.VAW.1549.ZS","","","","","","","","","","","","","","","","","","","","","","","","","","","","","","","","","","","","","","","","","","","","","","","","10.2","","","","","","","","","","","","","",
"Upper middle income","UMC","Proportion of women subjected to physical and/or sexual violence in the last 12 months (% of women age 15-49)","SG.VAW.1549.ZS","","","","","","","","","","","","","","","","","","","","","","","","","","","","","","","","","","","","","","","","","","","","","","","","","","","","","","","","","","","","","",
"Uruguay","URY","Proportion of women subjected to physical and/or sexual violence in the last 12 months (% of women age 15-49)","SG.VAW.1549.ZS","","","","","","","","","","","","","","","","","","","","","","","","","","","","","","","","","","","","","","","","","","","","","","","","","","","","","","2.8","","","","","","","",
"United States","USA","Proportion of women subjected to physical and/or sexual violence in the last 12 months (% of women age 15-49)","SG.VAW.1549.ZS","","","","","","","","","","","","","","","","","","","","","","","","","","","","","","","","","","","","","","","","","","","","","","","","","","","","","","","","","","","","","",
"Uzbekistan","UZB","Proportion of women subjected to physical and/or sexual violence in the last 12 months (% of women age 15-49)","SG.VAW.1549.ZS","","","","","","","","","","","","","","","","","","","","","","","","","","","","","","","","","","","","","","","","","","","","","","","","","","","","","","","","","","","","","",
"St. Vincent and the Grenadines","VCT","Proportion of women subjected to physical and/or sexual violence in the last 12 months (% of women age 15-49)","SG.VAW.1549.ZS","","","","","","","","","","","","","","","","","","","","","","","","","","","","","","","","","","","","","","","","","","","","","","","","","","","","","","","","","","","","","",
"Venezuela, RB","VEN","Proportion of women subjected to physical and/or sexual violence in the last 12 months (% of women age 15-49)","SG.VAW.1549.ZS","","","","","","","","","","","","","","","","","","","","","","","","","","","","","","","","","","","","","","","","","","","","","","","","","","","","","","","","","","","","","",
"British Virgin Islands","VGB","Proportion of women subjected to physical and/or sexual violence in the last 12 months (% of women age 15-49)","SG.VAW.1549.ZS","","","","","","","","","","","","","","","","","","","","","","","","","","","","","","","","","","","","","","","","","","","","","","","","","","","","","","","","","","","","","",
"Virgin Islands (U.S.)","VIR","Proportion of women subjected to physical and/or sexual violence in the last 12 months (% of women age 15-49)","SG.VAW.1549.ZS","","","","","","","","","","","","","","","","","","","","","","","","","","","","","","","","","","","","","","","","","","","","","","","","","","","","","","","","","","","","","",
"Vietnam","VNM","Proportion of women subjected to physical and/or sexual violence in the last 12 months (% of women age 15-49)","SG.VAW.1549.ZS","","","","","","","","","","","","","","","","","","","","","","","","","","","","","","","","","","","","","","","","","","","","","","","","","","","10.8","","","","","","","","","","",
"Vanuatu","VUT","Proportion of women subjected to physical and/or sexual violence in the last 12 months (% of women age 15-49)","SG.VAW.1549.ZS","","","","","","","","","","","","","","","","","","","","","","","","","","","","","","","","","","","","","","","","","","","","","","","","","","44","","","","","","","","","","","",
"World","WLD","Proportion of women subjected to physical and/or sexual violence in the last 12 months (% of women age 15-49)","SG.VAW.1549.ZS","","","","","","","","","","","","","","","","","","","","","","","","","","","","","","","","","","","","","","","","","","","","","","","","","","","","","","","","","","","","","",
"Samoa","WSM","Proportion of women subjected to physical and/or sexual violence in the last 12 months (% of women age 15-49)","SG.VAW.1549.ZS","","","","","","","","","","","","","","","","","","","","","","","","","","","","","","","","","","","","","","","","","22","","","","","","","","","","","","","","","","","","","","",
"Kosovo","XKX","Proportion of women subjected to physical and/or sexual violence in the last 12 months (% of women age 15-49)","SG.VAW.1549.ZS","","","","","","","","","","","","","","","","","","","","","","","","","","","","","","","","","","","","","","","","","","","","","","","","","","","","","","","","","","","","","",
"Yemen, Rep.","YEM","Proportion of women subjected to physical and/or sexual violence in the last 12 months (% of women age 15-49)","SG.VAW.1549.ZS","","","","","","","","","","","","","","","","","","","","","","","","","","","","","","","","","","","","","","","","","","","","","","","","","","","","","","","","","","","","","",
"South Africa","ZAF","Proportion of women subjected to physical and/or sexual violence in the last 12 months (% of women age 15-49)","SG.VAW.1549.ZS","","","","","","","","","","","","","","","","","","","","","","","","","","","","","","","","","","","","","","","","","","","","","","","","","","","","","","","","","","","","","",
"Zambia","ZMB","Proportion of women subjected to physical and/or sexual violence in the last 12 months (% of women age 15-49)","SG.VAW.1549.ZS","","","","","","","","","","","","","","","","","","","","","","","","","","","","","","","","","","","","","","","","","","","","","","","","","","","","","","","26.7","","","","","","",
"Zimbabwe","ZWE","Proportion of women subjected to physical and/or sexual violence in the last 12 months (% of women age 15-49)","SG.VAW.1549.ZS","","","","","","","","","","","","","","","","","","","","","","","","","","","","","","","","","","","","","","","","","","","","","","","","","","","","","","","","19.9","","","","","",
